name,email,phone,company
Jin Combs,vel.vulputate.eu@yahoo.org,(189) 910-1025,Dui LLP
Mark Poole,tortor.nunc.commodo@yahoo.org,(628) 414-7837,Libero At Corp.
Barbara Kemp,metus.urna.convallis@aol.edu,1-463-896-9105,Risus Donec Nibh Ltd
Rosalyn Knapp,ut.molestie@hotmail.org,1-686-428-4159,Dictum Placerat Institute
Hall Bradshaw,libero@google.org,1-452-618-8574,Rhoncus Ltd
Zane Freeman,lacus@outlook.net,(506) 639-2454,Taciti Sociosqu Institute
Denise Harrison,dapibus.gravida.aliquam@protonmail.org,(552) 586-7756,Tristique Pharetra Corp.
Ali Benton,tempus.non@aol.edu,(272) 324-6497,Pharetra Quisque Company
Fletcher Sharp,a.tortor@outlook.couk,1-566-851-3311,Aliquam Vulputate PC
Elvis Gonzalez,fermentum.arcu@outlook.couk,(573) 807-0705,Ante Nunc Foundation
Noelle Cross,ipsum.curabitur@google.couk,1-231-535-9929,Libero Morbi Foundation
Erica Buckner,dapibus@yahoo.net,1-449-776-8353,Curabitur Sed Tortor Inc.
Olga Nixon,enim.nisl.elementum@google.com,(758) 716-4848,Proin Dolor Corp.
Ann Gregory,iaculis.lacus.pede@yahoo.couk,1-744-706-8529,Egestas LLC
Amethyst Drake,semper.auctor@hotmail.edu,1-984-451-8889,Non LLC
Iola Lambert,amet.luctus.vulputate@outlook.com,1-420-373-6811,Pharetra Nibh PC
Wayne Kramer,vel.venenatis@icloud.ca,1-590-934-1705,Cursus Consulting
Ina Hendrix,pretium.neque@hotmail.edu,1-455-536-6705,Sed Turpis Institute
Lucas Vinson,eu@icloud.org,1-844-671-5277,Sed Eget Lacus Incorporated
Julian Velez,tristique@aol.org,1-872-721-5859,Magna Praesent Incorporated
Tashya Giles,posuere@hotmail.couk,(623) 252-4218,Risus Donec Egestas PC
Griffith Hahn,a.aliquet@outlook.ca,1-666-772-1153,Ullamcorper Velit Corporation
Armand Owen,facilisis.vitae.orci@google.org,(654) 140-8675,Dui In Sodales Limited
Aidan Park,auctor.vitae@hotmail.com,(628) 947-6754,Amet Lorem Corporation
Tara Gentry,magna.ut.tincidunt@protonmail.couk,1-424-739-5119,Bibendum Incorporated
Edward Benton,sollicitudin.a.malesuada@outlook.edu,1-723-862-2213,Quis Pede LLC
Avram Reynolds,dolor.nulla.semper@aol.edu,(568) 632-8258,Eu Dolor Egestas PC
Shoshana Wilder,molestie.tortor.nibh@yahoo.org,1-361-251-9384,Augue Id Ante Company
Kane Mullins,donec.non.justo@icloud.ca,(882) 258-4758,Vestibulum Ut Corporation
Xyla Potter,vel.arcu.eu@hotmail.edu,(582) 648-2281,Nisl Arcu Corp.
Kenneth Maldonado,massa@icloud.net,(982) 505-4588,Placerat Orci Lacus PC
Sacha Hardin,a.ultricies@hotmail.edu,(244) 352-6853,Cursus Company
Harlan Colon,tellus.suspendisse@hotmail.org,1-295-472-1609,Purus Maecenas Foundation
Cadman Raymond,et.euismod@outlook.com,1-867-989-2717,Elit Dictum Eu Foundation
Hashim Barr,sed.nec.metus@yahoo.edu,(580) 464-9544,Primis In Institute
Mia Fields,risus@hotmail.ca,(145) 473-0383,Lorem Institute
Benedict Macias,fermentum.convallis@aol.edu,(546) 745-4806,Ultrices Posuere Cubilia Corporation
Amery Riggs,ornare.placerat@outlook.ca,(586) 506-9573,Condimentum PC
Kelly Grimes,fames.ac@google.edu,(285) 803-3800,Cursus Purus Nullam Incorporated
Quinlan Kelley,proin@hotmail.edu,(875) 833-2876,Sem Ut LLC
Carol Flores,justo.praesent.luctus@outlook.ca,(652) 635-1121,Non Bibendum Sed Corporation
Orson Bullock,donec.porttitor@hotmail.net,(874) 740-6663,Ultrices Industries
Steel English,tristique@protonmail.edu,(783) 557-2362,Vitae Nibh Incorporated
Ulysses Douglas,ante.bibendum@hotmail.org,1-722-491-3563,Dolor Dolor Incorporated
Courtney Montgomery,tortor.nunc@outlook.ca,(218) 526-3966,Metus Consulting
Kirk Walter,augue.malesuada@google.net,(938) 115-7063,Adipiscing Lobortis Ltd
Audrey Schmidt,vulputate.risus@aol.couk,(582) 296-4038,Magna Ut Foundation
Dennis Riley,vestibulum.ut@google.com,1-844-687-9642,Tristique Company
Brock Carter,arcu.vestibulum@aol.net,1-214-225-4237,Vitae Erat Vel PC
Leslie Anthony,dolor.quisque.tincidunt@icloud.net,1-543-744-0335,Mollis Lectus LLP
Noah Logan,ut.pharetra.sed@outlook.couk,1-824-560-5543,Quisque Ornare Tortor PC
Hedy Pruitt,nec.tellus@aol.ca,1-743-332-2219,Pede Et Ltd
Troy Foley,arcu@yahoo.com,(727) 847-3964,Libero Dui LLC
Cooper Nunez,libero.dui@yahoo.org,(214) 514-0758,Gravida Molestie Arcu Associates
Armand Dominguez,mauris@yahoo.couk,(345) 576-0153,At Iaculis LLP
Mariko Rodriquez,dui.semper@icloud.com,(349) 904-6118,Sapien Cursus Incorporated
Kalia Cortez,aliquam@icloud.couk,(902) 773-6871,Bibendum Ullamcorper Duis Company
Brittany Pugh,suspendisse.dui@hotmail.net,(717) 234-5748,Mauris Corp.
Josiah Hodges,arcu@yahoo.ca,(409) 832-1897,Urna Nec Inc.
Madeson Burch,pede.praesent@yahoo.couk,1-631-220-5832,A Felis Associates
Amena Forbes,sit.amet@icloud.ca,1-673-265-5260,Tristique Limited
Odessa Fowler,turpis@google.org,(728) 463-5765,Vitae Mauris Foundation
Dorothy Pitts,vulputate@yahoo.ca,(770) 221-6706,Ornare Lectus Justo Incorporated
Dean Wong,et@outlook.org,(418) 106-7227,Mauris Elit Corp.
Rebekah Farmer,consequat.dolor@google.org,(468) 555-4114,Eu Arcu Industries
Clayton Kramer,ac.libero@aol.com,1-602-139-8385,Parturient Montes LLP
Justina Kidd,vel.est@aol.org,1-876-776-0818,Euismod Est Arcu Inc.
Winter Mullins,purus@aol.couk,(538) 685-8446,Venenatis A Inc.
Fay Phillips,neque.in.ornare@icloud.org,(671) 570-2621,Ipsum Dolor Sit Institute
Brenden Dunlap,lorem.ipsum@google.org,1-104-561-2368,Pellentesque Tellus Inc.
Vivian Terry,mauris@google.ca,(975) 343-9483,Lacus Foundation
Carla Brock,sollicitudin.orci.sem@google.ca,1-563-534-3867,Nonummy Ultricies Foundation
Zeus Dorsey,vitae.erat.vivamus@aol.com,(810) 257-0622,Proin Vel Corp.
Fritz Oneal,dui.in@icloud.ca,(977) 469-6196,Lacinia Sed Foundation
Hamilton Estes,posuere@icloud.couk,1-459-587-6363,Morbi Non Sapien Consulting
Christopher Pittman,vel.turpis.aliquam@protonmail.edu,(233) 330-1643,Est Congue Corp.
Thomas Bates,magnis.dis.parturient@aol.edu,1-322-107-4089,Mollis Integer Foundation
Burke Fulton,ipsum.primis@outlook.net,1-315-215-6973,Justo Praesent Luctus Associates
Uriah Sheppard,enim.etiam@yahoo.org,(881) 328-6010,Placerat Limited
Quamar Chase,molestie.pharetra@aol.ca,1-494-461-7411,Nunc Associates
Medge Houston,aliquam.tincidunt@protonmail.org,1-617-384-4230,Id Blandit At Incorporated
Palmer Mckay,non.enim@protonmail.net,(671) 288-1421,Nascetur Ridiculus Company
Shaine Mccarthy,sem@outlook.net,1-215-372-3745,Mi Incorporated
Christine Morrow,facilisis.facilisis@aol.edu,(224) 663-3470,Aenean Incorporated
Abdul Barlow,odio.etiam@aol.com,1-914-642-1516,Magnis Dis Parturient Inc.
Adrienne Hayden,cras@protonmail.com,1-598-956-1439,Interdum Associates
Phoebe Sloan,ac.orci@google.edu,(378) 644-4775,Aliquam Erat Inc.
Yuli Holden,vitae.sodales.at@outlook.ca,1-284-510-7112,Accumsan Sed PC
Joseph Mcmahon,turpis.in.condimentum@hotmail.ca,(328) 548-5849,Inceptos Hymenaeos Mauris Inc.
Abraham Montoya,donec.vitae@protonmail.org,1-886-257-2777,Facilisi Sed Neque Inc.
Naida Justice,molestie.sed@yahoo.edu,(554) 334-4127,Morbi Inc.
Olympia Bolton,consectetuer.rhoncus@google.couk,1-626-129-2302,Eu Lacus Institute
Chava Bray,ut@aol.org,(776) 175-5597,Cras Eget Nisi Company
Adrienne Lynn,donec.non.justo@hotmail.edu,1-203-432-1785,Ut Corporation
Donovan White,fermentum@hotmail.couk,1-456-878-4321,Consequat Foundation
Judah Barrett,quis@hotmail.edu,(262) 278-2108,Libero Foundation
Clarke Allison,nunc.mauris.elit@outlook.couk,1-274-587-3572,Vehicula Aliquet LLP
Tatiana Sweeney,magna@icloud.com,(537) 565-0249,Semper Pretium LLP
Lane Cantrell,proin@hotmail.org,(625) 775-7629,Bibendum Ullamcorper LLP
Ina Madden,arcu.sed.eu@hotmail.edu,1-941-480-6185,Sit Amet Risus LLC