name,email
Jin Combs,vel.vulputate.eu@yahoo.org
Mark Poole,tortor.nunc.commodo@yahoo.org
Barbara Kemp,metus.urna.convallis@aol.edu
Rosalyn Knapp,ut.molestie@hotmail.org
Hall Bradshaw,libero@google.org
Zane Freeman,lacus@outlook.net
Denise Harrison,dapibus.gravida.aliquam@protonmail.org
Ali Benton,tempus.non@aol.edu
Fletcher Sharp,a.tortor@outlook.couk
Elvis Gonzalez,fermentum.arcu@outlook.couk
Noelle Cross,ipsum.curabitur@google.couk
Erica Buckner,dapibus@yahoo.net
Olga Nixon,enim.nisl.elementum@google.com
Ann Gregory,iaculis.lacus.pede@yahoo.couk
Amethyst Drake,semper.auctor@hotmail.edu
Iola Lambert,amet.luctus.vulputate@outlook.com
Wayne Kramer,vel.venenatis@icloud.ca
Ina Hendrix,pretium.neque@hotmail.edu
Lucas Vinson,eu@icloud.org
Julian Velez,tristique@aol.org
Tashya Giles,posuere@hotmail.couk
Griffith Hahn,a.aliquet@outlook.ca
Armand Owen,facilisis.vitae.orci@google.org
Aidan Park,auctor.vitae@hotmail.com
Tara Gentry,magna.ut.tincidunt@protonmail.couk
Edward Benton,sollicitudin.a.malesuada@outlook.edu
Avram Reynolds,dolor.nulla.semper@aol.edu
Shoshana Wilder,molestie.tortor.nibh@yahoo.org
Kane Mullins,donec.non.justo@icloud.ca
Xyla Potter,vel.arcu.eu@hotmail.edu
Kenneth Maldonado,massa@icloud.net
Sacha Hardin,a.ultricies@hotmail.edu
Harlan Colon,tellus.suspendisse@hotmail.org
Cadman Raymond,et.euismod@outlook.com
Hashim Barr,sed.nec.metus@yahoo.edu
Mia Fields,risus@hotmail.ca
Benedict Macias,fermentum.convallis@aol.edu
Amery Riggs,ornare.placerat@outlook.ca
Kelly Grimes,fames.ac@google.edu
Quinlan Kelley,proin@hotmail.edu
Carol Flores,justo.praesent.luctus@outlook.ca
Orson Bullock,donec.porttitor@hotmail.net
Steel English,tristique@protonmail.edu
Ulysses Douglas,ante.bibendum@hotmail.org
Courtney Montgomery,tortor.nunc@outlook.ca
Kirk Walter,augue.malesuada@google.net
Audrey Schmidt,vulputate.risus@aol.couk
Dennis Riley,vestibulum.ut@google.com
Brock Carter,arcu.vestibulum@aol.net
Leslie Anthony,dolor.quisque.tincidunt@icloud.net
Noah Logan,ut.pharetra.sed@outlook.couk
Hedy Pruitt,nec.tellus@aol.ca
Troy Foley,arcu@yahoo.com
Cooper Nunez,libero.dui@yahoo.org
Armand Dominguez,mauris@yahoo.couk
Mariko Rodriquez,dui.semper@icloud.com
Kalia Cortez,aliquam@icloud.couk
Brittany Pugh,suspendisse.dui@hotmail.net
Josiah Hodges,arcu@yahoo.ca
Madeson Burch,pede.praesent@yahoo.couk
Amena Forbes,sit.amet@icloud.ca
Odessa Fowler,turpis@google.org
Dorothy Pitts,vulputate@yahoo.ca
Dean Wong,et@outlook.org
Rebekah Farmer,consequat.dolor@google.org
Clayton Kramer,ac.libero@aol.com
Justina Kidd,vel.est@aol.org
Winter Mullins,purus@aol.couk
Fay Phillips,neque.in.ornare@icloud.org
Brenden Dunlap,lorem.ipsum@google.org
Vivian Terry,mauris@google.ca
Carla Brock,sollicitudin.orci.sem@google.ca
Zeus Dorsey,vitae.erat.vivamus@aol.com
Fritz Oneal,dui.in@icloud.ca
Hamilton Estes,posuere@icloud.couk
Christopher Pittman,vel.turpis.aliquam@protonmail.edu
Thomas Bates,magnis.dis.parturient@aol.edu
Burke Fulton,ipsum.primis@outlook.net
Uriah Sheppard,enim.etiam@yahoo.org
Quamar Chase,molestie.pharetra@aol.ca
Medge Houston,aliquam.tincidunt@protonmail.org
Palmer Mckay,non.enim@protonmail.net
Shaine Mccarthy,sem@outlook.net
Christine Morrow,facilisis.facilisis@aol.edu
Abdul Barlow,odio.etiam@aol.com
Adrienne Hayden,cras@protonmail.com
Phoebe Sloan,ac.orci@google.edu
Yuli Holden,vitae.sodales.at@outlook.ca
Joseph Mcmahon,turpis.in.condimentum@hotmail.ca
Abraham Montoya,donec.vitae@protonmail.org
Naida Justice,molestie.sed@yahoo.edu
Olympia Bolton,consectetuer.rhoncus@google.couk
Chava Bray,ut@aol.org
Adrienne Lynn,donec.non.justo@hotmail.edu
Donovan White,fermentum@hotmail.couk
Judah Barrett,quis@hotmail.edu
Clarke Allison,nunc.mauris.elit@outlook.couk
Tatiana Sweeney,magna@icloud.com
Lane Cantrell,proin@hotmail.org
Ina Madden,arcu.sed.eu@hotmail.edu
